review,sentiment
"One of the best films I've ever seen! The acting was superb and the story kept me engaged from start to finish.",positive
"Terrible movie. Complete waste of two hours. The plot made no sense and the acting was wooden throughout.",negative
"Absolutely brilliant! A masterpiece of cinema. Every frame is beautiful and the performances are outstanding.",positive
"Boring and predictable. Poor character development and the ending was disappointing. Would not recommend.",negative
"Fantastic performances all around. The director really captured the essence of the story beautifully.",positive
"Awful experience. The pacing was terrible and I almost fell asleep halfway through. Save your money.",negative
"An emotional rollercoaster! The cinematography was stunning and the music perfectly complemented every scene.",positive
"Disappointing and clich√©d. Expected much better from this director. The dialogue felt forced and unnatural.",negative
"Incredible movie! Had me on the edge of my seat the entire time. The plot twists were unexpected and brilliant.",positive
"Total disaster. The special effects were laughable and the story was incomprehensible. Avoid at all costs.",negative
"A true work of art. The attention to detail was remarkable and the performances were deeply moving.",positive
"Painfully slow and boring. Nothing happens for most of the movie. Seriously considering walking out.",negative
"Loved every minute of it! The chemistry between the lead actors was electric and the dialogue sparkled.",positive
"What a waste of talent. Good actors completely wasted on a terrible script. Very disappointing overall.",negative
"Masterful storytelling! The way the narrative unfolded was both surprising and deeply satisfying.",positive
"Confusing mess. The plot jumped around randomly and I never understood what was happening. Very frustrating.",negative
"Beautiful and heartbreaking. This movie will stay with me for a long time. Absolutely recommended.",positive
"Pretentious garbage. Tried too hard to be artsy and forgot to tell an actual story. Completely unwatchable.",negative
"Spectacular! The action sequences were thrilling and the emotional moments hit hard. Perfect balance.",positive
"Dull and lifeless. The actors seemed bored and the direction was uninspired. Could barely finish it.",negative
"An absolute gem! Funny, touching, and brilliantly acted. Everything a great movie should be.",positive
"Horrible from start to finish. Bad acting, worse writing, and completely illogical plot. Don't bother.",negative
"Phenomenal! The best film I've seen this year. Every aspect was perfectly executed.",positive
"Tedious and overlong. Could have been good if they'd cut an hour out. Just dragged on endlessly.",negative
"Extraordinary performances! The lead actress deserves every award. Powerful and moving throughout.",positive
"Amateurish and poorly made. Looked like a student film with a bad budget. Very disappointing quality.",negative
"Captivating from beginning to end! The suspense was masterfully built and the payoff was worth it.",positive
"Generic and formulaic. Felt like I'd seen this exact movie a dozen times before. Nothing original.",negative
"Stunning visuals and a compelling story. The director has a real gift for visual storytelling.",positive
"Incoherent rambling. No clear story, just random scenes thrown together. Complete waste of time.",negative
"Delightful! A joy to watch from start to finish. Perfect entertainment for the whole family.",positive
"Depressing and pointlessly dark. Not entertaining, just miserable to sit through. Skip this one.",negative
"Magnificent! The scope and ambition of this film are impressive. Beautifully realized in every way.",positive
"Cringe-worthy dialogue and terrible pacing. Some good ideas completely ruined by poor execution.",negative
"Heartwarming and uplifting! Left the theater with a big smile. Exactly what I needed to see.",positive
"Exploitative and tasteless. The plot was offensive and the humor fell completely flat throughout.",negative
"Brilliant direction and superb acting! This is what cinema should be. An absolute must-see.",positive
"Lazy and uninspired. Clearly just made to cash in on a trend. No heart or originality whatsoever.",negative
"Epic and grand! The cinematography alone is worth the price of admission. Visually stunning.",positive
"Boring beyond belief. Three attempts to watch it and I still haven't made it to the end.",negative
"Touching and authentic! The emotional truth of this film really resonates. Beautifully crafted.",positive
"Ridiculous and implausible. The plot holes were so big I couldn't focus on anything else.",negative
"Gripping thriller! Kept me guessing until the very end. Smart and well-executed suspense.",positive
"Mediocre at best. Nothing particularly bad but nothing memorable either. Completely forgettable.",negative
"Outstanding! Every element came together perfectly. The mark of true filmmaking excellence.",positive
"Frustratingly bad. So many poor choices throughout. Could have been great but failed completely.",negative
"Charming and witty! The screenplay is sharp and the performances are pitch-perfect.",positive
"Irritating characters and an annoying soundtrack. Nothing worked for me in this mess.",negative
"Powerful and thought-provoking! This film will spark important conversations. Highly impactful.",positive
"Shallow and superficial. Looked good but had nothing of substance underneath the pretty visuals.",negative
"Exquisite! A rare film that works on every level. Technical brilliance meets emotional depth.",positive
"Painful to watch. Every scene felt like it lasted an eternity. Time really crawled.",negative


